"G_CODE","G_NAME"
"02250","Glycerol + Hypromellose + Polyethylene Glycol 400"
"02251","Loperamide + Norfloxacine + Trimethoprim + Zinc Oxide"
"02252","Calcium Propionate + Cobalt Carbonate + DL-Methionine + Gentian + Pyridoxine Hydrochloride + Silicon Dioxide"
"02291","Blood Tubing Set For Hemodialysis"
"02303","Ambrisentan"
"02305","Rocuronium Bromide"
"02381","Cetuximab"
"02382","Dasatinib"
"02383","Liquid Paraffin + White Soft Paraffin + Wool Alcohol"
"02389","Sofosbuvir"
"02405","Lurasidone Hydrochloride"
"02406","Garlic Oil"
"02407","Hydrogen Peroxide 50%"
"02414","Pemetrexed"
"02428","Acyclovir + Hydrocortisone"
"02434","Dexmedetomidine"
"02457","Tofacitinib"
"02461","Guaiphenesin + Roxithromycin + Tylosin"
"02264","Sevoflurane"
"02281","Carboxypolymethylene + Hydroxy Ethyl Cellulose"
"02282","Rivaroxaban"
"02283","Astaxanthin"
"02285","Toltrazuril"
"02286","Ascorbic Acid + Biotin + Cholecalciferol (Vit. D3) + Cyanocobalamin + Dl-Alpha Tocoferol (Vitamin E) + Folic Acid + Nicotinamide + Pantothenic acid + Pyridoxine Hydrochloride + Retinol Palmitate + Riboflavin + Thiamine Mononitrate (B1)"
"02293","Fluticasone Furoate"
"02295","Almotriptan"
"02296","Linagliptin"
"02297","Bimatoprost"
"02304","Elemental Iron + Folic Acid + Zinc Sulphate Monohydrate"
"02307","Bevacizumab"
"02330","Dexpanthanol + Nicotinamide + Vitamin A + Vitamin B1 + Vitamin B12 + Vitamin B2 + Vitamin B3 + Vitamin B6 + Vitamin E"
"02331","Selenium + Vitamin E"
"02334","Eucalypytol + Menthol + Methyl Salicylate + Sodium Fluoride + Thymol"
"02343","Dantrolene Sodium"
"02344","Folic Acid + L-Lysine + Nicotinamide + Vitamin A + Vitamin B1 + Vitamin B12 + Vitamin B2 + Vitamin B6 + Vitamin C + Vitamin D3 + Vitamin E"
"02346","Deflazacort"
"02355","Iloperidone"
"02356","Azelastine + Fluticasone Propionate"
"02357","Bordetella Pertussis + Diphtheria Toxoid + Haemophilus Influenzae Type B Conjugated + Hepatitis B Surface Antigen + Tetanus Toxoid"
"02358","Measles Vaccine (Live)"
"02359","Poliomyelitis Vacine, Live (Oral)"
"02360","Dacarbazine"
"02362","Ceftibuten"
"02366","Nanoparticle Albumin-Bound Paclitaxel"
"02367","Carboxymethylcellulose Sodium"
"02368","Macrogol 3350 + Potassium Chloride + Sodium Bicarbonate + Sodium Chloride"
"02369","Cholestyramine"
"02370","Lidocaine + Tetracaine"
"02371","Gefitinib"
"02372","Indacaterol"
"02376","Hyoscine Hydrobromide"
"02386","Norephinephrine"
"02391","Doxycycline Hydrochloride + Gentamicin"
"02392","Gentamicin + Neomycin Sulphate"
"02393","Bromhexine Hydrochloride + Colistin Sulphate + Doxycycline Hydrochloride + Tylosin Tartrate"
"02399","Bendamustine Hydrochloride"
"02400","Ispaghula Husk + Mebeverine Hydrochloride"
"02401","Insulin Aspart"
"02403","Bismuth Subsalicylate"
"02408","Inactivated Influenza Vaccine"
"02412","Azathioprine"
"02418","Ledipasvir + Sofosbuvir"
"02419","Insulin Aspert 30/70"
"02422","Canagliflozin"
"02433","Zoledronic Acid"
"02437","Liquid Medical Oxygen"
"02438","Liquid Medical Oxygen Compressed"
"02447","Human Tetanus Immunoglobulin"
"02448","Snake Venom Antiserum"
"02449","Measles And Rubella Vaccine"
"02450","Carbon Di Oxide + Ethylene Oxide"
"02451","Pentazocine"
"02452","Tonophosphan + Vitamin B12"
"02453","Erythromycin + Sulphadimethoxine Sodium + Trimethoprim"
"02454","Epinephrine + Lidocaine"
"02456","Carboprost"
"02462","Glycopyrronium + Indacaterol"
"02467","Cilnidipine"
"02468","Citric Acid Monohydrate"
"02470","Eflornithine Hydrochloride Monohydrate"
"02476","Glutaraldehyde"
"02477","Ethyl Alcohol + Isopropyl Alcohol"
"02478","Sofosbuvir + Velpatasvir"
"02488","Daclatasvir + Sofosbuvir"
"02489","Osimertinib"
"02490","Crizotinib"
"01916","Elemental Iron + Folic Acid + Nicotinamide + Pyridoxine Hydrochloride + Riboflavin + Vitamin B1 + Vitamin C + Zinc"
"02084","Amlodipine + Atorvastatin"
"01677","Benzyl Penicillin + Procaine Penicillin"
"02102","Magnesium Hydroxide Dried Gel, 96%"
"02107","Piperacillin + Tazobactam"
"01766","Diclofenac Sodium + Misoprostol"
"01178","Omega-3 Acid Ethyl Esters"
"00301","Digoxin"
"00304","Dimethothiazine Mesylate"
"00305","Dinoprost"
"00306","Diosmin + Hesperidin"
"00307","Diphenhydramine Hydrochloride"
"00366","Flucloxacillin"
"01685","Rabeprazole Sodium"
"01686","Raloxifene Hydrochloride"
"01687","Risedronate Sodium"
"00995","Iopamidol"
"01206","Epalrestat"
"00950","Folinic Acid"
"00433","Haemodialysis Solution"
"00434","Halazone"
"01201","Calcium Chloride + Magnessium Chloride + Potassium Chloride + Sodium Acetate + Sodium Chloride + Sodium Citrate"
"01341","Elemental Iron + Folic Acid"
"01351","Pethidine Hydrochloride"
"01376","Ranitidine Hydrochloride"
"01377","Riboflavine Sodium Phosphate"
"01379","Amino Acids (Essential)"
"01689","Sibutramine Hydrochloride"
"00435","Halcinonide"
"00436","Haloperidol"
"00439","Heparin Sodium"
"01533","Erythromycin Thiocyanate + Sulphadiazine + Trimethoprim"
"00302","Diloxanide Furoate"
"00483","Isoniazid"
"00945","Etodolac"
"00946","Omeprazole + Sodium Bicarbonate"
"01722","Dextran 70 + Hypromellose"
"01723","Diethylcarbamazine Citrate"
"01749","Sulphachloropyridazone + Trimethoprim"
"01750","Riboflavin + Vitamin B1"
"01007","Glycerine + Liquid Sugar"
"01607","Timolol Maleate"
"01658","Isoflurane"
"01933","Aluminium Oxide + Magnesium Trisilicate"
"01836","Biotin + Choline Chloride + Cobalt + Copper + Cyanocobalamin + DL-Methionine + Elemental Iron + Folic Acid + Iodine + Manganese + Nicotinamide + Pantothenic acid + Pyridoxine Hydrochloride + Riboflavin + Selenium + Tetracycline Hydrochloride + Vitamin A + Vitamin B1 + Vitamin D + Vitamin E + Vitamin K + Zinc"
"01839","Niacinamide + Pyridoxine Hydrochloride + Riboflavin + Thiamine Hydrochloride + Zinc"
"01954","Brimonidine Tartrate + Tetryzoline Hydrochloride"
"01785","Gramicidin + Neomycin Sulphate + Nystatin + Triamcinolone Acetonide"
"01786","Dioxybenzone + Hydroquinone + Octyldimethyl p-aminobenzoate + Oxybenzone"
"01159","Glimepiride + Pioglitazone"
"01050","Magaldrate + Simethicone"
"01052","Cetirizine Dihydrochloride"
"01053","Nevirapine"
"01634","Chloroquine Phosphate"
"01665","Norfloxacine"
"01666","Noscapine"
"01601","Dextrose Anhydrous"
"00989","Enoxaprin"
"01736","Closantel + Levamisole"
"01109","Ciclesonide"
"01668","Oxybuprocaine Hydrochloride"
"01669","Oxybutynin Hydrochloride"
"01083","Ethinylestradiol + Levo Norgestrel"
"01085","Desloratadine + Pseudoephedrine Sulphate"
"01703","Sodium Selenate + Vitamin E"
"01751","Abacavir + Lamivudine + Zidovudine"
"01897","Pyridoxine Hydrochloride + Riboflavin + Vitamin B1"
"01899","Elemental Iron + Folic Acid + Vitamin C + Zinc"
"01900","Benzocaine + Chlorbutol + Ephedrine + Phenazone"
"01865","Amlodipine Besylate"
"01875","Morantel Citrate"
"01804","Nicotinamide + Pyridoxine Hydrochloride + Riboflavin + Vitamin B1 + Zinc"
"01705","Amlodipine + Benazepril Hydrochloride"
"00996","Sodium Hyaluronate"
"00447","Hydrocortisone"
"01744","Metoclopramide Hydrochloride"
"01545","Sodium Sulfachloropyridazine + Trimethoprim"
"00456","Hyoscine Butyl Bromide"
"02227","Doripenem"
"00458","Hypromellose"
"01555","Flupenthixol + Melitracen"
"01671","Pheniramine Maleate"
"01742","Morantel Citrate + Oxyclozanide"
"01121","Levo Norgestrel"
"01743","Neomycin Sulphate + Nitrofurazone"
"01541","Colistin Sulphate + Spiramycine"
"01126","Menthol + Methyl Salicylate"
"01128","Cyproheptadine"
"01005","Azelastin Hydrochloride"
"01896","Cyanocobalamin + Nicotinamide + Pyridoxine Hydrochloride + Riboflavin + Vitamin B1"
"01798","Choline + Cobalt + Cyanocobalamin + Iron + Vitamin B1"
"01799","Cobalt + Copper + Cyanocobalamin + Iron + Zinc"
"01800","Ascorbic Acid + Copper + Lutein + Vitamin E + Zinc"
"01802","Dexpanthanol + Nicotinamide + Pyridoxine Hydrochloride + Riboflavin + Vitamin B1"
"01638","Desloratadine + Pseudoephedrine"
"01639","Dexibuprofen (S Ibuprofen)"
"01640","Dextromethorphan Hydrobromide"
"00446","Hydrochlorothiazide + Valsartan"
"01788","Calcium Pantothenate + Pyridoxine Hydrochloride + Riboflavin + Vitamin B1"
"01789","Pyrimethamine + Sodium Salicylate + Sulphaquinoxaline + Vitamin K"
"01690","Sodium Carbonate"
"01715","Chlorpheniramine Maleate + Dexamethasone"
"01716","Colistin Sulphate + Trimethoprim"
"01437","Phenylepherine Hydrochloride"
"01714","Catechu + Chalk"
"01741","Metronidazole + Miconazole Nitrate"
"00702","Potassium Chloride + Sodium Chloride + Sodium Lactate"
"00703","Potassium Gluconate"
"00704","Potassium Guaiacol Sulphonate"
"00001","5 Aminosalicylic Acid"
"00042","Ampicillin"
"00045","Amprolium"
"00046","Amprolium + Ethopabate"
"00984","Benzyl Alcohol"
"00013","Adrenaline"
"00014","Adrenaline + Lidocaine Hydrochloride"
"00015","Albendazole"
"00016","Alendronic Acid"
"00486","Isoniazid + Thiacetazone"
"00731","Pyrazinamide"
"02241","Avobenzone + Oxybenzone + Padimate O + Titanium Dioxide"
"01642","Diclofenac"
"01514","Promethazine Hydrochloride"
"00551","Mebhydrolin"
"00588","Moxifloxacin"
"00843","Tiaprofenic Acid"
"00684","Phenylephrine + Tetryzoline Hydrochloride + Zinc Sulphate"
"00327","Econazole Nitrate"
"00356","Ferrous Fumarate + Folic Acid"
"00074","Bencyclane Hydrogen Fumarate"
"01071","Bisoprolol Hemifumarate"
"01073","Iron Sucrose (Iron (Iii) Hydroxide Sucrose Complex)"
"01075","Cholecalciferol (Vit. D3)"
"01119","Gentamicin"
"01318","Methyl Prednisolone Acetate"
"01319","Iohexol"
"01320","Vecuronium Bromide"
"00263","Dapsone"
"01901","Ferrous Sulphate + Folic Acid + Nicotinamide + Pyridoxine Hydrochloride + Riboflavin + Vitamin B1 + Vitamin C"
"01734","Indapamide + Perindopril Erbumine"
"02265","Gadoversetamide"
"02266","Iodixanol"
"02313","Aprepitant"
"02314","Ascorbic Acid + Betaine + Calcium Chloride Dihydrate + Magnessium Chloride + Potassium Chloride + Sodium Chloride"
"02315","Cyanocobalamin + Iron (Iii) Hydroxide Dextran Complex"
"02316","Iron (Iii) Hydroxide Dextran Complex"
"02317","Diminazine Aceturate + Phenazone"
"02328","Ticagrelor"
"02363","Naphazoline Hydrochloride + Pheniramine Maleate"
"02364","Chondroitin Sulfate Sodium + Sodium Hyaluronate"
"02375","Docusate Sodium"
"02385","Fludarabine Phosphate"
"02440","Refined Soyabeen Oil"
"02441","Medical Oxygen & Medical Nitrogen"
"02442","Liquid Nitrogen"
"02443","Calcium (Coral Calcium) + Vitamin D3"
"02444","Denosumab"
"02445","Adalimumab"
"02277","Aliskiren"
"02278","Aliskiren + Hydrochlorothiazide"
"02279","Ulipristal Acetate"
"02280","Retapamulin"
"02289","Hydrous Benzoyl Peroxide"
"02290","Coal Tar Solution + Precipitated Sulpher + Salicylic Acid"
"02365","Silodosin"
"02384","Thalidomide"
"02396","Sucrose"
"02439","Aspirin Immediate Release Tablet + Dipyridamole Extended Release Pellets"
"02458","Pirfenidone"
"02459","Benzoyl Peroxide + Clindamycin"
"02460","Imiquimod"
"02493","Diphenhydramine Hydrochloride + L-Menthol"
"01735","Perindopril Erbumine"
"01858","Lomustine"
"01824","Ascorbic Acid + Cod Liver Oil + Nicotinamide + Pyridoxine Hydrochloride + Riboflavin + Vitamin A + Vitamin B1 + Vitamin D3 + Vitamin E"
"01904","Calcium Carbonate + Calcium Lactate Gluconate + Vitamin C + Vitamin D"
"01905","Calcium Chloride + Glacial Acetic Acid + Magnessium Chloride + Potassium Chloride + Sodium Chloride"
"00696","Pizotifen"
"01903","Glycerol"
"01055","Potassium Citrate"
"01815","Ascorbic Acid + Elemental Iron + Folic Acid + Nicotinamide + Pyridoxine Hydrochloride + Riboflavin + Vitamin B1"
"01816","Boron + Calcium + Copper + Magnesium + Manganese + Vitamin D3 + Zinc"
"00075","Benedict Reagents"
"00076","Benzalkonium Chloride"
"00077","Benzathine Penicillin"
"01731","Benzalkonium Chloride + Glutaraldehyde"
"00080","Benzocaine + Oxytetracycline + Polymixin B Sulphate"
"00041","Amoxicillin + Clavulanic Acid"
"00017","Allopurinol"
"00018","Alprazolam"
"00019","Aluminium Hydroxide"
"00020","Aluminium Hydroxide + Magnesium Hydroxide"
"00026","Amikacin"
"01902","Ferrous Sulphate + Folic Acid + Nicotinamide + Pyridoxine Hydrochloride + Riboflavin + Vitamin B1 + Vitamin C + Zinc"
"00030","Aminophylline"
"00031","Amiodarone Hydrochloride"
"00032","Amitriptyline Hydrochloride"
"00033","Amlodipine"
"00034","Amlodipine + Atenolol"
"00037","Ammonium Bicarbonate + Ammonium Strong + Oil Nutmeg + Oil Lemon"
"00699","Potassium Chloride"
"00078","Benzocaine"
"00694","Piroxicam"
"00021","Aluminium Hydroxide + Magnesium Hydroxide + Simethicone"
"00943","Levosalbutamol Sulphate"
"00040","Amoxicillin"
"00110","Bromazepam"
"00112","Bromhexine Hydrochloride"
"00113","Bromocriptine"
"00029","Aminocaproic Acid"
"00114","Budesonide"
"00115","Bupivacaine"
"00116","Bupivacaine + Dextrose"
"00103","Boric Acid + Dithranol + Salicylic Acid"
"00125","Calcitriol"
"00127","Calcium + Vitamin D"
"00128","Calcium Carbonate"
"01655","Insulin (Human) N"
"01656","Insulin (Human) R"
"00333","Elemental Iron + Folic Acid + Zinc"
"01450","Dextrose Anhydrous + Sodium Chloride"
"00337","Enrofloxacin"
"01230","Adrenochrome Monosemicarbazone"
"01245","Chlorpheniramine Maleate + Hydrocodon Bitartrate + Phenylephrine"
"01076","Hydrochlorothiazide + Telmisartan"
"00287","Diabasic Sodium Phosphate + Monobasic Sodium Phosphate"
"00460","Idoxuridine"
"01974","Paclitaxel"
"01834","Ascorbic Acid + Chromium + Copper + Elemental Iron + Folic Acid + Inositol + Iodine + Manganese + Molybdenum + Niacin + Pantothenic acid + Pyridoxine Hydrochloride + Quercetin + Riboflavin + Selenium + Vitamin A + Vitamin B1 + Vitamin E + Vitamin K + Zinc"
"01920","Elemental Iron + Folic Acid + Nicotinamide + Pyridoxine Hydrochloride + Riboflavin + Vitamin B1 + Vitamin C"
"01923","Biotin + Cyanocobalamin + Folic Acid + Nicotinamide + Pantothenic acid + Pyridoxine Hydrochloride + Riboflavin + Vitamin A + Vitamin B1 + Vitamin C + Vitamin D + Vitamin E + Vitamin K"
"01863","Ascorbic Acid + Biotin + Boron + Calcium Carbonate + Chromium + Copper + Cyanocobalamin + Diabasic Calcium Phosphate + Elemental Iron + Folic Acid + Iodine + Lutein + Magnesium + Manganese + Molybdenum + Niacin + Nickel + Pantothenic acid + Potassium Chloride + Pyridoxine Hydrochloride + Riboflavin + Selenium + Silicon + Tin + Vanadium + Vitamin B1 + Vitamin D + Vitamin E + Vitamin K + Zinc"
"01880","Lidocaine Hydrochloride + Oxytetracycline"
"00998","Dopamine Hydrochloride"
"00999","Sodium Nitroprusside Dihydrate"
"01000","Niacin"
"01692","Sulphaclozine"
"01418","Artemether + Lumefantrine"
"01020","Tolfenamic Acid"
"00393","Formoterol Fumarate"
"00394","Framycetin"
"01160","Amlexanox"
"01317","Atracurium Besylate"
"00951","Cyclophosphamide"
"01162","Estradiol"
"01033","Bromfenac Sodium"
"01227","Amprolium + Sulfaquinoxaline Sodium + Vitamin K"
"01229","Chlorhexidine Gluconate + Lidocaine Hydrochloride"
"01066","Nimodipine"
"01359","Trimebutine Maleate"
"01664","Neostigmine Methyl Sulphate"
"01864","Ascorbic Acid + Biotin + Boron + Calcium + Chromium + Copper + Cyanocobalamin + Elemental Iron + Folic Acid + Iodine + Lutein + Magnesium + Manganese + Molybdenum + Niacin + Nickel + Pantothenic acid + Phosphorous + Pottassium + Pyridoxine Hydrochloride + Riboflavin + Selenium + Silicon + Tin + Vanadium + Vitamin A + Vitamin B1 + Vitamin D3 + Vitamin E + Vitamin K + Zinc"
"01641","Dibromopropamidine Isethionate"
"01812","Iron + Nicotinamide + Pyridoxine Hydrochloride + Riboflavin + Vitamin B1 + Zinc"
"01823","Ascorbic Acid + Copper + Manganese + Selenium + Vitamin A + Vitamin E + Vitamin K + Zinc"
"01833","Antioxident + Ascorbic Acid + Choline + Cobalt + Copper + Cyanocobalamin + Elemental Iron + Folic Acid + Iodine + Manganese + Nicotinamide + Pantothenic acid + Pyridoxine Hydrochloride + Riboflavin + Vitamin A + Vitamin B1 + Vitamin D + Vitamin E + Vitamin K + Zinc"
"00059","Atenolol"
"02175","Calcium Chloride Dihydrate + Magnessium Chloride + Potassium Chloride + Sodium Acetate + Sodium Chloride"
"01018","Trimetazidine Hydrochloride"
"01022","Bacitracin Zinc + Neomycin Sulphate + Polymixin B Sulphate"
"00341","Erythromycin"
"01220","Ampicillin Trihydrate + Colistin Sulphate + Dexamethasone"
"01215","Olopatadine"
"01738","Lidocaine Hydrochloride + Tolperisone Hydrochloride"
"00396","Fructose"
"00397","Frusemide"
"00398","Frusemide + Spironolactone"
"00399","Furaltadone"
"00375","Fluorometholone + Tetrahydrozoline Hydrochloride"
"00377","Fluoxetine"
"00383","Fluticasone Propionate"
"00384","Fluvastatin"
"01069","Eplerenone"
"01023","Rimexolone"
"01025","Cetrimide + Chlorhexidine Gluconate"
"01219","Trimetazidine Dihydrochloride"
"01258","Pyrimethamine + Sulfaquinoxaline Sodium"
"00405","Gabapentin"
"00406","Gallamine Triethiodide"
"00407","Gatifloxacin"
"00624","Non Pareil Seed"
"00089","Betahistine Dihydrochloride"
"00024","Amantadine Hydrochloride"
"00781","Sodium Dichloroisocyanurate"
"00821","Tacrolimus"
"00798","Sucralfate"
"00788","Sodium Stibogluconate"
"00761","Salicylic Acid"
"00987","Topiramate"
"01704","Amiloride Hydrochloride + Hydrochlorothiazide"
"01682","Pyrantel Pamoate"
"01787","Bromhexine + Nalidixic Acid + Neomycin Sulphate + Phenazone"
"00913","Water For Injection"
"01822","Ascorbic Acid + Ferrous Sulphate + Folic Acid + Nicotinamide + Pyridoxine Hydrochloride + Riboflavin + Vitamin B1 + Zinc Sulphate Monohydrate"
"01821","Ascorbic Acid + Calcium d-Pantothenate + Cyanocobalamin + Folic Acid + Nicotinamide + Pyridoxine Hydrochloride + Riboflavin + Vitamin B1"
"02034","Insulin Glargin"
"01778","Nicotinamide + Pyridoxine Hydrochloride + Riboflavin + Vitamin B1"
"01328","Tanoxicam"
"01163","Eucalypytol + Menthol + Methyl Salicylate + Thymol"
"01769","Gentamicin + Hydrocortisone Acetate"
"01674","Poly Ethylene Glycol 3350"
"01857","Calcium Chloride + Magnesium Hydroxide + Potassium Chloride + Sodium Acetate + Sodium Chloride + Sodium Citrate"
"01122","Norethisterone"
"01125","Buprenorphine"
"00402","Fusidic Acid"
"00338","Eperisone Hydrochloride"
"00339","Ephedrine Hydrochloride"
"00340","Ergometrine Maleate"
"00342","Erythromycin + Sulphadiazine + Trimethoprim"
"00343","Escitalopram"
"01702","Alendronic Acid + Vitamin D3"
"01295","Fentanyl"
"00441","Homatropine Hydrobromide"
"00442","Hydrochlorothiazide"
"00444","Hydrochlorothiazide + Losartan Potassium"
"00445","Hydrochlorothiazide + Triamterene"
"00451","Hydroquinone"
"00453","Hydroxychloroquine Sulphate"
"02131","Beta Carotene + Calcium + Cholecalciferol (Vit. D3) + Cyanocobalamin + Folic Acid + Iodine + Iron + Magnesium + Nicotinamide + Phosphorous + Pyridoxine Hydrochloride + Riboflavin + Thiamine Nitrate + Vitamin C + Vitamin E + Zinc"
"02009","Allystrenol"
"01835","Ascorbic Acid + Biotin + Calcium + Choline Bitartrate + Chromium + Cyanocobalamin + Inositol + Iodine + Magnesium + Manganese + Pantothenic acid + Para-Amino-Benzoic Acid + Pottassium + Riboflavin + Selenium + Vitamin A + Vitamin B1 + Vitamin D3 + Vitamin E + Zinc"
"01784","Gramacidin + Neomycin Sulphate + Nystatin + Triamcinolone Acetonide"
"02021","Chlorpheniramine Maleate + Hydrocodon Bitartrate + Phenylephrine Hydrochloride"
"01829","Ascorbic Acid + Dexpanthanol + Nicotinamide + Pyridoxine Hydrochloride + Riboflavin + Viamin D + Vitamin A + Vitamin B1 + Vitamin E"
"01937","D-Panthenol + Nicotinamide + Pyridoxine Hydrochloride + Riboflavin + Vitamin B1"
"01697","Ticlopidine Hydrochloride"
"01879","Amonium Bicarbonate + Gentian Violet + Ginger + Nux vomica + Sodium Bicarbonate"
"01891","Benzylpenicillin + Procaine Penicillin + Streptomycin"
"01949","Calcium d-Pantothenate + DL-Methionine + Inositol + Nicotinamide + Vitamin B1 + Vitamin B12 + Vitamin B2 + Vitamin B6"
"02052","Filgrastin"
"01924","Ascorbic Acid + Copper + Cupric Sulphate + Cynocobalamin + Ferrous Sulphate + Iodine + Iron + Manganese + Manganese Sulphate + Niacinamide + Nicotinamide + Pyridoxine + Riboflavin + Thiamine + Thiamine Mononitrate + Thiamine Mononitrate (B1) + Viamin D + Vitamin A Pulmitate Powder + Vitamin C"
"01910","Elemental Iron + Folic Acid + Nicotinamide + Pyridoxine Hydrochloride + Riboflavin + Thiamine Hydrochloride + Zinc"
"02013","Aminosidine"
"02057","Benzathine Penicillin + Procaine Benzylpenicillin"
"00344","Esomeprazole"
"00345","Estriol"
"00346","Ethambutol"
"01278","Gadodiamide"
"00982","Cyclosporine"
"00992","Dexketoprofen"
"00993","Nefopam Hydrochloride"
"00994","Atenolol + Nifedipine"
"00455","Hydroxyzine Hydrochloride"
"00426","Gonadorelin"
"00430","Griseofulvin"
"01737","Lidocaine + Prilocaine"
"01740","Methyl Cellulose '' 2500 '' + Microcrystalline Cellulose"
"00475","Iopanoic Acid"
"01578","Glucosamine"
"01633","Cefpirome"
"01932","Benzocaine + Camphor + Methanol + Phenol"
"02045","Mycophenolate Acid"
"01927","Cyanocobalamin + DL-Methionine + Inositol + Nicotinamide + Pantothenic acid + Pyridoxine Hydrochloride + Riboflavin + Vitamin B1"
"01761","Clobetasol Propionate + Neomycin Sulphate + Nystatin"
"02144","Citric Acid Monohydrate + Potassium Citrate"
"01883","Calcium Carbonate + Calcium Lactate Gluconate + Vitamin C"
"01831","Biotin + Choline + Cobalt + Copper + Cyanocobalamin + DL-Methionine + Dexpanthanol + Ferric Ammonium Citrate + Glycine + Inositol + L-Lysine HCl + Nicotinamide + Pyridoxine Hydrochloride + Vitamin B1 + Vitamin B2"
"02159","Epinastine Hydrochloride"
"00056","Aspartame"
"00057","Aspirin"
"00058","Aspirin + Clopidogrel"
"00060","Atenolol + Chlorthalidone"
"00760","Salbutamol"
"00762","Salicylic Acid + Urea"
"01998","Phenylephrine Hydrochloride"
"00764","Salmeterol"
"01964","Milrinone"
"01968","Amlodipine + Valsartan"
"01970","Sulfinpyrazone"
"00854","Tolmetin"
"00856","Tolperisone Hydrochloride"
"00859","Tramadol Hydrochloride"
"00838","Theophylline"
"00839","Thiamine Hydrochloride"
"00922","Zolmitriptan"
"00488","Isosorbide Dinitrate"
"00489","Isosorbide Mononitrate"
"00539","Lynestrenol"
"00540","Magaldrate"
"00541","Magnesium Hydroxide"
"00616","Nitrazepam"
"00617","Nitrofurazone"
"00133","Calcium Chloride + Potassium Chloride + Sodium Chloride + Sodium Lactate"
"00134","Calcium D Saccharate + Calcium Gluconate"
"00135","Calcium Gluconate"
"00136","Calcium Gluconate + Dextrose + Magnesium Hypophosphite"
"00137","Calcium Hydrogen Phosphate"
"00609","Niclosamide"
"00611","Nicorandil"
"00612","Nifedipine"
"00054","Artesunate"
"00815","Sulphadimidine"
"00614","Nimesulide"
"00615","Nitazoxanide"
"00630","Nystatin"
"00631","Ofloxacin"
"00632","Olanzapine"
"00634","Omeprazole"
"01011","Potassium Chloride + Sodium Acetate + Sodium Chloride"
"00637","Ornidazole"
"00522","Levofloxacin"
"01707","Betamethasone Sodium Phosphate + Neomycin Sulphate"
"01885","Citric Acid Anhydrous + Dextrose Anhydrous + Sodium Bi Phosphate + Sodium Citrate"
"01886","Adenine + Citric Acid Anhydrous + Dextrose Anhydrous + Sodium Bi Phosphate + Sodium Citrate"
"01887","Iodine + Phosphoric Acid + Potassium Iodide"
"01768","Dexamethasone + Framycetin + Gramicidin"
"00619","Nitroglycerin"
"02200","DL-Methionine + Paracetamol"
"01828","Ascorbic Acid + Biotin + Cyanocobalamin + Folic Acid + Nicotinamide + Pantothenic acid + Pyridoxine Hydrochloride + Riboflavin + Vitamin B1"
"01569","Almitrine Bismesylate + Raubasine"
"01700","Vancomycin"
"01935","Elemental Iron + Ferrous Fumarate"
"02249","Amoxicillin + Clarithromycin + Rabeprazole Sodium"
"00088","Betacarotene + Vitamin C + Vitamin E"
"00385","Fluvoxamine Maleate"
"00386","Folic Acid"
"00400","Furazolidone"
"02482","Lincomycin Base + Spectinomycin"
"02483","Tylvalosin"
"01862","Ascorbic Acid + Biotin + Boron + Calcium + Chromium + Copper + Cyanocobalamin + Folic Acid + Iodine + Lutein + Magnesium + Manganese + Molybdenum + Niacin + Nickel + Pantothenic acid + Phosphorous + Pottassium + Pyridoxine Hydrochloride + Riboflavin + Selenium + Silicon + Vanadium + Vitamin A + Vitamin B1 + Vitamin D + Vitamin E + Vitamin K + Zinc"
"01610","Testosterone Decanoate + Testosterone Isocaproate + Testosterone Phenyl propionate + Testosterone Propionate"
"00613","Nikethamide"
"02153","Demeclocycline Hydrochloride"
"02154","Testosterone Undecanoate"
"02155","Daunorubicin"
"02065","Entacapone"
"02066","Basiliximabum"
"02067","Oxiconazole"
"02069","Chloramphenicol + Dexamethasone"
"00635","Ondansetron"
"02205","Black Seed Oil"
"02207","Aluminium Chloride Hexahydrate"
"02208","Oxymorphone Hydrochloride"
"02211","Fenticonazole Nitrate"
"00974","Adenosine"
"00976","Alfuzosin"
"01693","Terbutaline Sulphate"
"02199","Glycopyrrolate"
"02025","Etonogestrel"
"02026","Ethinylestradiol + Etonogestrel"
"02027","Lopinavir + Ritonavir"
"02028","Propofol"
"02070","Colistin Sulphate + Doxycycline"
"02072","Solifenacin Succinate"
"02073","Darifenacin"
"01956","Amoxicillin Trihydrate"
"01882","Aluminium Oxide + Magnesium Hydroxide + Simethicone"
"01830","Ascorbic Acid + Calcium Pantothenate + Cyanocobalamin + Nicotinamide + Pyridoxine Hydrochloride + Riboflavin + Vitamin A + Vitamin B1 + Vitamin D + Vitamin E"
"01832","Ascorbic Acid + Calcium Pantothenate + Cupric Sulphate + Cyanocobalamin + Ferrous Sulphate + Folic Acid + Manganese Sulphate + Nicotinamide + Potassium Iodide + Potassium Sulphate + Pyridoxine Hydrochloride + Riboflavin + Vitamin A + Vitamin B1 + Vitamin D + Vitamin E + Zinc Sulphate"
"00392","Folic Acid + Zinc"
"00374","Fluorometholone"
"00937","Spectinomycin"
"01840","Calcium Gluconate + Dextrose Anhydrous + Magnessium Chloride"
"02204","Nitrofurantoin + Nitrofurantoin Microcrystals"
"01853","Anhydros Citricacid + Anhydrous Glucose + Potassium Chloride + Sodium Bicarbonate + Sodium Chloride"
"01866","Pvc Bags For Iv Infusion"
"02029","Marbofloxacin"
"02030","Levamisole + Rofaxanide"
"02031","Kanamycin + Rofaxanide"
"02032","Ganirelix"
"01936","Aluminium Oxide + Magnesium Hydroxide"
"01696","Thiophanate"
"01940","Niacinamide + Pyridoxine Hydrochloride + Riboflavin + Vitamin B1 + Zinc"
"01871","Acetic Acid + Calcium Chloride + Magnessium Chloride + Potassium Chloride + Sodium Chloride"
"01913","Nicotinamide + Pantothenic acid + Pyridoxine Hydrochloride + Riboflavin + Vitamin A + Vitamin B1"
"02156","Mercaptopurine"
"02157","Cytarabine"
"02158","Aztreonam"
"02160","Amoxicillin Trihydrate + Colistin Sulphate"
"01881","Diaverdin + Nicotinamide + Sulphadimethoxine Sodium + Sulphadimidine + Vitamin K"
"02162","Rituximab"
"02201","Acetylcysteine"
"02202","Nepafenac"
"02206","Rifaximin"
"01867","Cefuroxime Axetil"
"01868","Dexamethasone Sodium Phosphate"
"01869","Empty Hard Gelatin Capsule"
"01841","Boric Acid + Dextrose + Magnesium Hypophosphite"
"01805","Dextrose Anhydrous + Potassium Chloride + Sodium Bicarbonate + Sodium Chloride + Vitamin A"
"01041","Chlorthalidone"
"01818","Elemental Iron + Nicotinamide + Pyridoxine Hydrochloride + Riboflavin + Vitamin B1 + Zinc"
"01872","Calcium Chloride + Magnessium Chloride + Potassium Chloride + Sodium Acetate + Sodium Chloride"
"01873","Calcium Chloride + Dextrose Anhydrous + Magnessium Chloride + Sodium Acetate + Sodium Chloride"
"01874","Choline + Cobalt Sulfate + Cyanocobalamin + Ferrous Sulphate + Vitamin B1"
"01179","Peppermint Oil"
"01939","Betamethasone + Lidocaine Hydrochloride + Phenylephrine"
"01181","Dexamethasone + Gatifloxacin"
"01010","Tiamulin Hydrogen Fumerate"
"01710","Caffeine + Ergotamine Tartrate"
"02163","Mesalazine"
"02074","Urokinase"
"02075","Carboplatin"
"02076","Fluorometholone + Tetryzoline Hydrochloride"
"02161","Calcipotriol"
"02079","Diflorasone Diacetate"
"02081","Docetaxel"
"02198","Milnacipran Hydrochloride"
"02203","Pyridostigmine"
"02209","Mesna Disulfide"
"02210","Mitomycin"
"01820","Ascorbic Acid + Elemental Iron + Folic Acid + Nicotinamide + Pyridoxine Hydrochloride + Riboflavin + Vitamin B1 + Zinc"
"01733","Hydrocortisone Acetate + Neomycin Sulphate"
"01987","Dextran 40 + Sodium Chloride"
"00528","Liquorice"
"00529","Lisinopril"
"00530","Lithium Carbonate"
"02231","Drospirenone + Ethinylestradiol"
"00532","Lomefloxacin"
"00533","Loperamide"
"01180","Dutasteride"
"00209","Cinchocaine Hydrochloride + Hydrocortisone"
"00211","Cinnarizine"
"00212","Ciprofloxacin"
"00260","Cypermethrin"
"00261","Cyproheptadine Hydrochloride"
"00219","Clindamycin"
"00680","Pethidine"
"02077","Latanoprost + Timolol"
"00526","Liquid Glucose"
"00183","Chloramphenicol"
"00237","Cobalt + Copper + Elemental Iron + Iodide + Magnesium + Manganese + Vitamin A + Vitamin D + Vitamin E + Zinc"
"00172","Celecoxib"
"00173","Celiprolol Hydrochloride"
"00175","Cephalexin"
"00176","Cephradine"
"00207","Cimetidine"
"00863","Trichlorfon"
"00296","Diclofenac Sodium"
"00297","Dicloxacillin"
"00298","Dicycloverine Hydrochloride"
"00472","Iodine + Potassium Iodide"
"00477","Ipratropium Bromide"
"00481","Iron Dextran"
"00182","Chalk + Kaolin"
"00849","Tioconazole"
"00852","Tobramycin"
"00679","Permirolast Potassium"
"00695","Pivmecillinam"
"00255","Crotamiton"
"00256","Crotamiton + Permethrin"
"00231","Cloxacillin"
"00861","Tretinoin"
"00232","Clozapine"
"00193","Chlorpheniramine Maleate"
"00195","Chlorpromazine Hydrochloride"
"00196","Chlortetracycline Hydrochloride"
"00200","Chondroitin + Glucosamine"
"00204","Ciclopirox Olamine"
"00205","Cilazapril"
"00933","Eszopiclone"
"00939","Baclofen"
"00335","Enalapril Maleate"
"00312","Dithranol"
"00347","Ethambutol + Isoniazid + Pyrazinamide + Rifampicin"
"01265","Morphine Sulphate"
"01268","Travoprost"
"00413","Gentian Violet"
"00415","Glibenclamide"
"01243","Dextran + Sodium Chloride"
"01249","Phenylepherine Hydrochloride + Tropicamide"
"01600","Atropine Sulphate"
"01130","Sodium Hypochlorite"
"00515","Levamisole + Oxyclozanide"
"00506","Lamivudine + Zidovudine"
"00585","Montelukast"
"00538","Lovastatin"
"00595","Naloxone Hydrochloride"
"00675","Pentoxifylline"
"00525","Linezolid"
"00217","Citalopram Hydrobromide"
"00736","Quetiapine"
"00100","Bordetella Pertussis + Diphtheria Toxoid + Tetanus Toxoid"
"00820","Suxamethonium Chloride"
"00710","Precipitated Sulpher + Salicylic Acid"
"00753","Rosiglitazone"
"01993","Interferon Alfa 2b"
"01963","Cinacalcet"
"00349","Ethinylestradiol + Lynestrenol"
"00351","Ezetimibe"
"00352","Famotidine"
"00353","Fenbendazole"
"00354","Fenofibrate"
"00355","Ferrous Fumarate"
"00357","Ferrous Gluconate"
"02217","Progesterone"
"01131","Pemirolast Potassium"
"01287","Tolterodine Tartrate"
"01292","Cinchocaine Hydrochloride + Esculin + Hydrocortisone + Neomycin Sulphate"
"01150","Butenafine"
"01276","Venlafaxine"
"00424","Glyceryl Trinitrate"
"01284","Dinoprostone"
"01374","Clobetasol Propionate + Neomycin Sulphate"
"00485","Isoniazid + Rifampicin"
"00880","Verapamil Hydrochloride"
"00363","Ferrous Sulphate + Folic Acid + Zinc"
"00367","Fluconazole"
"00368","Flumequine"
"00369","Flunarizine"
"01579","Tamsulosin Hydrochloride"
"01580","Metformin"
"01969","Bumetanide"
"00491","Ispaghula Husk"
"02004","Ascorbic Acid + Dexpanthanol + Nicotinamide + Pyridoxine Hydrochloride + Riboflavin + Sodium Acetate + Thiamine Hydrochloride + Vitamin A + Vitamin D + Vitamin E"
"00923","Zolpidem Tartrate"
"00605","Neomycin Sulphate"
"00150","Carbonyl Iron"
"00607","Neomycin Sulphate + Prednisolone"
"02228","Pralidoxime Chloride"
"00471","Iodine + Nonoxinel"
"01713","Cetrimide + Chlorhexidine Hydrochloride"
"00478","Ipratropium Bromide + Salbutamol"
"00479","Irbesartan"
"00482","Iron Hydroxide Polymaltose"
"00969","Sulphachloropyridazine Sodium + Trimethoprim + Vitamin K"
"01441","Fluorometholone + Gentamicin"
"01683","Quinine Sulphate"
"01315","Norgestrel"
"01316","Medroxyprogesterone Acetate"
"00463","Imipramine Hydrochloride"
"00464","Indapamide"
"01321","Bacitracin Zinc + Neomycin Sulphate"
"01452","Cefetamet Pivoxil Hydrochloride"
"01454","Phytomenadione"
"00317","Domperidone"
"00318","Donepezil Hydrochloride"
"00319","Doxycycline"
"00288","Diazepam"
"00290","Diclofenac + Lidocaine Hydrochloride"
"00308","Diphtheria Toxoid + Tetanus Toxoid"
"00309","Dipyridamole"
"00310","Disopyramide"
"01767","Cyanocobalamin + Folic Acid + Pyridoxine Hydrochloride"
"01827","Cobalt Gluconate + Copper Gluconate + Cyanocobalamin + D-Pantothenol + Ferric Ammonium Citrate + Nicotinamide + Pyridoxine Hydrochloride + Riboflavine-5-Phosphate + Vitamin B1"
"02152","Interferon Alfa-2a"
"02071","Zolendronic Acid"
"00942","Pregabalin"
"01912","Gramacidin + Neomycin + Polymixin"
"01817","Elemental Iron + Folic Acid + Nicotinamide + Pyridoxine Hydrochloride + Riboflavin + Vitamin B1 + Zinc"
"02078","Fexofenadine Hydrochloride + Pseudoephedrine Hydrochloride"
"01717","Cyanocobalamin + Toldimfos Sodium"
"01031","Labetalol Hydrochloride"
"01105","Brimonidine Tartrate"
"01106","Hydrocortisone Acetate + Pramoxine"
"01107","Dex-Ketoprofen Trometamol"
"01261","Spiramycine"
"00971","Orlistat"
"01451","Calcium Chloride Dihydrate + Dextrose Anhydrous + Potassium Chloride + Sodium Chloride + Sodium Lactate"
"01217","Imatinib"
"01218","Methyl Prednisolone Sodium Succinate"
"01369","Flucloxacillin Sodium"
"01370","Ciprofloxacin Hydrochloride"
"01382","Diltiazem Hydrochloride"
"01383","Glycerine"
"00408","Gelatin"
"00409","Gemfibrozil"
"00311","Disposable Syringe"
"00321","Doxycycline + Oxytetracycline"
"00322","Doxycycline + Trimethoprim"
"00323","Doxycycline + Tylosin"
"00324","Drotaverine Hydrochloride"
"00325","Duloxetine"
"00326","Ebastine"
"00328","Econazole Nitrate + Triamcinolone Acetonide"
"00523","Lidocaine Hydrochloride"
"00855","Tolnaftate"
"00359","Ferrous Sulphate + Folic Acid"
"00223","Clobetasone Butyrate"
"02190","Ascorbic Acid + Biotin + Cyanocobalamin + Folic Acid + Nicotinamide + Pantothenic acid + Pyridoxine + Riboflavin + Thiamine"
"02197","Desferrioxamine Mesilate"
"01958","Folic Acid + Vitamin C + Vitamin D3"
"01065","Strontium Renalate"
"01684","Quinine Dihydrochloride"
"00431","Guaiphenesin + Pseudoephedrine Hydrochloride + Triprolidine Hydrochloride"
"01079","Entecavir"
"01082","Mizolastine"
"01091","Cilastatin + Imipenem"
"01745","Oxyclozanide + Tetramisole Hydrochloride"
"01136","Metoprolol Tartrate"
"00416","Gliclazide"
"00417","Glimepiride"
"00418","Glipizide"
"01718","Cyproterone Acetate + Ethinylestradiol"
"01719","Dextran 40 + Dextrose"
"01720","Dextran 70 + Dextrose"
"01672","Phenobarbitone Sodium"
"01673","Phenytoin Sodium"
"00329","Efavirenz"
"00330","Elemental Iron"
"00300","Diethylstilbestrol"
"01860","Biotin + Cobalt + Copper + Cyanocobalamin + DL-Methionine + Elemental Iron + Folic Acid + Iodine + L-Lysine HCl + Manganese + Nicotinamide + Pantothenic acid + Pyridoxine Hydrochloride + Riboflavin + Selenium + Vitamin A + Vitamin B1 + Vitamin D3 + Vitamin E + Vitamin K3 + Zinc"
"01819","Ascorbic Acid + Calcium d-Pantothenate + Cynocobalamin + Folic Acid + Nicotinamide + Pyridoxine Hydrochloride + Riboflavin + Vitamin B1"
"01026","Neomycin Sulphate + Polymixin B Sulphate + Pramoxine"
"02115","Rhubarb + Salicylic Acid"
"02133","Biotin + Calcium + Cholecalciferol (Vit. D3) + Chromium + Copper + Cyanocobalamin + Diabasic Calcium Phosphate + Folic Acid + Iodine + Iron + Magnesium + Manganese + Molybdenum + Niacin + Pantothenic acid + Pyridoxine Hydrochloride + Riboflavin + Thiamine Nitrate + Vitamin A + Vitamin A Acetate + Vitamin C + Vitamin E + Vitamin K + Zinc"
"00484","Isoniazid + Pyrazinamide + Rifampicin"
"00705","Potassium Iodide"
"02226","Deferasirox"
"00081","Benzoic Acid + Salicylic Acid"
"00082","Benzoin Tincture"
"00083","Benzoyl Peroxide"
"00084","Benzoyl Peroxide + Erythromycin"
"00085","Benzydamine Hydrochloride"
"00949","Fluorouracil"
"00985","Hydrochlorothiazide + Ramipril"
"01966","Amiloride Hydrochloride + Frusemide"
"00817","Sulphanilamide"
"00818","Sulphaquinoxaline"
"00749","Risperidone"
"00750","Rizatriptan"
"01999","Phenylephrine Hydrochloride + Zinc Sulphate"
"00547","Mannitol"
"00548","Maprotiline Hydrochloride"
"01971","Metolazone"
"01972","Brinzolamide"
"01973","Neomycin + Polymixin B Sulphate + Prednisolone"
"01975","Miconazole Nitrate"
"01976","Gemcitabine"
"00521","Levodopa"
"00620","Nitrous Oxide"
"00643","Oxybendazole"
"00592","Nalbuphine Hydrochloride"
"00593","Nalidixic Acid"
"00596","Naltrexone"
"00597","Nandrolone"
"00598","Naphazoline Nitrate + Zinc Sulphate"
"00599","Naproxen"
"00086","Benzyl Benzoate"
"00087","Benzyl Penicillin"
"00118","Butamirate Citrate"
"00119","Butaphosphan + Cyanocobalamin"
"00122","Caffeine + Paracetamol"
"00124","Calamine + Zinc Oxide"
"00090","Betahistine Mesilate"
"00091","Betamethasone"
"02000","Neomycin Sulphate + Phenylephrine Hydrochloride"
"01654","Insulin (Human)  50/50"
"00751","Rofecoxib"
"00752","Ropinirole"
"02001","Lidocaine + Phenylbutazone"
"02005","Mycophenolate Mofetil"
"00840","Thiopentone Sodium"
"02006","Levocetrizine Dihydrochloride"
"00883","Vitamin A"
"00514","Levamisole + Niclosamide"
"00516","Levamisole + Triclabendazole"
"00518","Levobunolol Hydrochloride"
"00519","Levocarnitine"
"00906","Vitamin C + Vitamin E"
"00909","Vitamin E"
"00940","Metformin Hydrochloride + Pioglitazone"
"00534","Loratadine"
"00692","Piperazine"
"01562","Betamethasone + Neomycin Sulphate"
"01980","Anhydrous Glucose + Citric Acid + Potassium Chloride + Sodium Bicarbonate + Sodium Chloride"
"00132","Calcium Chloride + Potassium Chloride + Sodium Chloride"
"00650","Oxymetazoline Hydrochloride"
"00651","Oxyphencyclimine Hydrochloride"
"00652","Oxyphenonium Bromide"
"00092","Betamethasone + Clotrimazole"
"00093","Betamethasone + Fusidic Acid"
"00094","Betamethasone + Lidocaine Hydrochloride + Phenylephrine Hydrochloride"
"00096","Betaxolol"
"00097","Bisacodyl"
"00098","Bismuth Subcitrate"
"00101","Boric Acid"
"00733","Pyrimethamine"
"02007","Timolol Maleate + Travoprost"
"01544","Streptomycin + Sulphadiazine + Sulphadimidine + Sulphapyridine"
"00795","Spironolactone"
"00796","Streptokinase"
"00797","Streptomycin"
"01962","Eletriptan"
"00807","Sulfasalazine"
"00808","Sulindac"
"00900","Vitamin C"
"00860","Tranexamic Acid"
"00862","Triamcinolone Acetonide"
"00864","Triclabendazole"
"00865","Trifluoperazine"
"00867","Trimethoprim"
"00586","Morantel"
"00591","Mupirocin"
"00653","Oxytetracycline"
"00147","Carbidopa + Levodopa"
"00621","Nitrous oxide + Oxygen"
"00622","Nitroxynil"
"00623","Nizatidine"
"00600","Natamycin"
"00601","Nateglinide"
"00602","Needle"
"00002","6-Aminopenicillanic Acid"
"00005","Acarbose"
"00006","Aceclofenac"
"00007","Acetazolamide"
"00008","Activated Charcoal"
"00009","Acyclovir"
"00010","Adapalene"
"00011","Adefovir Dipivoxil"
"00844","Tibolone"
"00846","Tiemonium Methylsulphate"
"00986","Magnesium Hydroxide + Omeprazole"
"00799","Sulfaclozine"
"00800","Sulfaclozine + Vitamin K"
"01653","Insulin (Human) 30/70"
"00805","Sulfadoxine + Trimethoprim"
"01651","Flurazepam"
"00559","Meropenem"
"00560","Metamizol"
"00561","Metformin Hydrochloride"
"00562","Metformin Hydrochloride + Rosiglitazone"
"00563","Methotrexate"
"00507","Lamotrigine"
"00508","Lansoprazole"
"00509","Latanoprost"
"00603","Nelfinavir"
"00565","Methyl Ergometrine Maleate"
"00567","Methyldopa"
"00568","Methylphenidate Hydrochloride"
"00571","Metriphonate"
"00572","Metronidazole"
"00574","Metronidazole + Neomycin Sulphate + Nystatin + Polymixin B Sulphate"
"00550","Mebeverine Hydrochloride"
"00734","Pyrimethamine + Sulfadoxine"
"00012","Adenosine + Cytochrome C + Nicotinamide + Sodium Succinate"
"00022","Aluminium Hydroxide + Magnesium Trisilicate"
"00371","Fluocinolone Acetonide"
"00419","Glipizide + Metformin Hydrochloride"
"00023","Alverine Citrate"
"00025","Ambroxol Hydrochloride"
"00061","Atorvastatin"
"00787","Sodium Nitrate"
"00789","Sodium Thiosulfate"
"00790","Sodium Valproate"
"00791","Sotalol Hydrochloride"
"01647","Etoricoxib"
"00793","Sparfloxacin"
"01652","Granisetron"
"00782","Sodium Fusidate"
"00510","Leflunomide"
"00511","Lercanidipine Hydrochloride"
"00512","Levamisole"
"00824","Tazarotene"
"00825","Tegaserod"
"00826","Telmisartan"
"00827","Temazepam"
"00581","Mometasone Furoate"
"00552","Meclizine Hydrochloride"
"00553","Mecobalamin"
"00554","Mefenamic Acid"
"00555","Mefloquine"
"00556","Melatonin"
"00557","Meloxicam"
"00558","Mepyramine Maleate"
"00542","Magnesium Stearate"
"00063","Azelaic Acid"
"00064","Azithromycin"
"00068","Bacitracin Zinc + Polymixin B Sulphate"
"00070","Bambuterol Hydrochloride"
"00765","Secnidazole"
"00766","Sertraline"
"01977","Alfacalcidol"
"00768","Silver Sulphadiazine"
"00784","Sodium Hydroxide"
"01994","Ritodrine Hydrochloride"
"00786","Sodium Lactate"
"00771","Sodium Bicarbonate"
"01995","Dextran 70 + Disodium Edetate + Potassium Chloride + Sodium Chloride"
"00773","Sodium Chloride"
"01996","Conjugated Oestrogens + Norgestrel"
"01997","Dextromethorphan + Guaiphenesin + Pseudoephedrine"
"00582","Monosemicarbazone Adrenochrome"
"01989","Dextran 70 + Sodium Chloride"
"02003","Ascorbic Acid + Dexpanthanol + Nicotinamide + Pantothenic acid + Pyridoxine Hydrochloride + Riboflavin + Sodium Acetate + Thiamine Hydrochloride + Vitamin A + Vitamin B1 + Vitamin C + Vitamin D + Vitamin E"
"00577","Midazolam"
"00639","Oxaprozin"
"00640","Oxazepam"
"00828","Tenoxicam"
"00829","Terazosin"
"00543","Magnesium Sulphate"
"00545","Magnesium Trisillicate"
"00669","Paracetamol"
"00671","Paroxetine"
"00672","Pefloxacin"
"00535","Loratadine + Pseudoephedrine Hydrochloride"
"00536","Lorazepam"
"00537","Losartan Potassium"
"00769","Simethicone"
"00770","Simvastatin"
"02234","Copper + Folic Acid + Iodine + Iron + Niacin + Pyridoxine + Riboflavin + Selenium + Vitamin A + Vitamin B1 + Vitamin B12 + Vitamin C + Vitamin D + Vitamin E + Zinc"
"02466","Suvorexant"
"02475","Erdosteine"
"02479","Fluticasone Propionate + Formoterol Fumarate Dihydrate"
"02491","Methocarbamol"
"02494","Fludrocortisone Acetate"
"02237","Metformin Hydrochloride + Vildagliptin"
"02238","Atomoxetine"
"02240","Salmon Calcitonin"
"02219","Fluorometholone Acetate"
"02220","Bepotastine Besilate"
"02221","Proparacaine Hydrochloride"
"02236","Varenicline"
"02232","Ethinylestradiol + Gestodene"
"02212","Acetylsalicylic Acid + Ascorbic Acid"
"02214","Amoxicillin + Cloxacillin"
"02242","Trustuzumab"
"02246","Sunitinib"
"02247","Dorzolamide + Timolol"
"00206","Cilostazol"
"00215","Ciprofloxacin + Trimethoprim"
"00216","Cisapride"
"00218","Clarithromycin"
"00152","Carbonyl Iron + Folic Acid"
"00154","Carbonyl Iron + Folic Acid + Zinc"
"00155","Carvedilol"
"00156","Cascara"
"02196","Potassium Bicarbonate + Sodium Alginate"
"01848","Polyethylene Glycol 400 + Propylene Glycol"
"02170","Halobetasol Propionate"
"02171","Light Liquid Paraffin + White Soft Paraffin"
"02192","Rupatadine"
"02193","Pitavastatin"
"02194","Difluprednate"
"02017","Anhydrous Glucose + Potassium Chloride + Sodium Chloride + Trisodium Citrate"
"02122","Articaine Hydrochloride + Epinephrine"
"01013","Olmesartan Medoxomil"
"01794","Bromhexine + Erythromycin + Neomycin + Sulfadimidine + Trimethoprim"
"01795","Calcium Chloride + Dextrose Anhydrous + Potassium Chloride + Sodium Chloride + Sodium Lactate"
"01182","Terconazole"
"01635","Clomipramine Hydrocloride"
"01637","Cynocobalamine"
"01724","Doxycycline + Neomycin Sulphate"
"01922","Nicotinamide + Pantothenic acid + Pyridoxine Hydrochloride + Riboflavin + Vitamin A + Vitamin B1 + Vitamin C + Vitamin D"
"02050","Anhydrous Glucose + Potassium Chloride + Sodium Bicarbonate + Sodium Chloride"
"02051","Galantamine"
"02053","5 Aminosalicylic Acid + Cisplatin"
"02054","Calcium Acetate"
"02055","Amoxicillin Trihydrate + Cyproheptadine Hydrochloride + Guaiphenesin + Lysozyme Hydrochloride + Vitamin A"
"02056","Amoxicillin Trihydrate + Bromhexine Hydrochloride + Vitamin A"
"01760","Ciprofloxacin + Hydrocortisone Acetate"
"00157","Catechu Tincture"
"00158","Cefaclor"
"00159","Cefadroxil"
"00160","Cefdinir"
"00161","Cefepime"
"00162","Cefixime"
"00163","Cefotaxime"
"00164","Cefoxitin"
"02018","Levobupivacaine Hydrochloride"
"02060","Filgrastim"
"02061","Sitagliptin"
"02062","Loteprednol Etabonate"
"02063","Pramipexol"
"02064","Bromhexine"
"01950","Hydroxocobalamin"
"01952","Ethanol 70%"
"02083","Clobetasol Propionate + Salicylic Acid"
"02085","Ivabradine"
"02086","Benzylpenicillin + Procaine Benzylpenicillin"
"02087","Ampicillin + Colistin Sulphate"
"02088","Vitamin A + Vitamin D + Vitamin E"
"02089","Doxorubicin Hydrochloride"
"02090","Oxaliplatin"
"01779","Streptomycin + Sulfadiazine + Sulfadimidine + Sulfapyridine"
"01679","Prochlorperazine Maleate"
"01680","Prochlorperazine Mesilate"
"01681","Procyclidine Hydrochloride"
"01171","Betamethasone + Gentamicin"
"01172","Nebivolol"
"02182","Esomeprazole + Naproxen"
"02183","Lidocaine"
"02184","Betamethasone + Calcipotriol"
"00167","Cefprozil"
"00168","Ceftazidime"
"00171","Cefuroxime"
"00258","Cyanocobalamin"
"00259","Cyclobenzaprine Hydrochloride"
"00372","Fluorescein Sodium"
"00373","Fluormetholone + Neomycin Sulphate"
"01581","Thiamine Hydrochloride (Vit-B1)"
"01957","Ampicillin Trihydrate"
"02108","Nicotine"
"02109","Abciximab"
"02110","Efalizumab"
"02111","Noradrenaline"
"02112","Paromomycin"
"02113","Tigecycline"
"02114","Clioquinol + Flumetasone Pivalate"
"01289","Etomidate"
"01770","Gentamicin + Sulphadimidine + Trimethoprim"
"01771","Ginger + Nux vomica + Sodium Bicarbonate"
"01772","Hydrocortisone + Neomycin Sulphate + Polymixin B Sulphate"
"01917","Boron + Calcium + Copper + Magnesium + Manganese + Phosphorous + Vitamin D + Zinc"
"01918","Ascorbic Acid + Beta Carotene + Copper + Manganese + Selenium + Vitamin E + Vitamin K + Zinc"
"01856","Miltefosine"
"01725","Fluphenazine Hydrochloride + Nortriptyline"
"02134","L-Lysine HCl"
"01926","Viamin D + Vitamin A + Vitamin E"
"01951","Ascorbic Acid + Folic Acid + Iron + Nicotinamide + Pyridoxine Hydrochloride + Riboflavin + Thiamine + Zinc Sulphate"
"01953","Cyanocobalamin + Elemental Iron + Folic Acid"
"02010","Desogestrel"
"02011","Flumazenil"
"02012","Alfaprostol"
"01762","Cobalt + Iron + Zinc"
"00166","Cefpodoxime"
"00358","Ferrous Sulphate"
"00360","Ferrous Sulphate + Folic Acid + Vitamin C + Vitamin B Complex"
"00364","Fexofenadine Hydrochloride"
"00365","Finasteride"
"00138","Calcium Lactate"
"00142","Camphor + Menthol + Oil Eucalyptus + Oil Turpentine + Thymol"
"00425","Glycine"
"01657","Inositol"
"02019","Levetiracetam"
"02020","Trandolapril"
"02022","Arachis Oil + Cetostearyl Alcohol + Virgin Castor Oil + White Beeswax + Zinc Oxide"
"02023","Hydroxypropyl Methyl Cellulose"
"02024","Racepinephrine"
"01825","Cyanocobalamin + Nicotinamide + Panthenol + Pyridoxine Hydrochloride + Riboflavin + Vitamin A + Vitamin B1 + Vitamin D3 + Vitamin E"
"01826","Ascorbic Acid + Boron + Calcium + Copper + Magnesium + Manganese + Vitamin D3 + Vitamin E + Zinc"
"02041","Megestrol Acetate"
"02042","Succinylated Gelatin"
"02043","Follitropin Alfa"
"02044","Somatropin"
"02046","Telithromycin"
"02047","Rilmenidine"
"02048","Anastrozol"
"01675","Povidone"
"01981","Artemether"
"01982","Boron + Calcium + Copper + Magnesium + Manganese + Vitamin D + Zinc"
"00819","Sumatriptan"
"00743","Ribavirin"
"00744","Riboflavin"
"02471","Doxylamine Succinate + Pyridoxine Hydrochloride"
"02472","Voglibose"
"02473","Dienogest"
"02474","L-Ornithine L-Aspartate"
"02484","Glimepiride + Metformin Hydrochloride"
"02497","Sacubitril + Valsartan"
"02498","Melengestrol Acetate + Zilpaterol Hydrochloride"
"01909","Cod Liver Oil + Pantothenic acid + Vitamin B1 + Vitamin B2 + Vitamin B3 + Vitamin B6 + Vitamin C"
"01911","Ferrous Sulphate + Folic Acid + Nicotinamide + Pyridoxine Hydrochloride + Riboflavin + Vitamin B1"
"02080","Pseudoephedrine Hydrochloride + Triprolidine Hydrochloride"
"02141","Buparvaquone"
"02185","Bisoprolol Hemifumarate + Hydrochlorothiazide"
"02186","Colchicine"
"00437","Halothane"
"00440","Hexachlorophene"
"00443","Hydrochlorothiazide + Irbesartan"
"00459","Ibuprofen"
"00462","Imidocarb dipropionate"
"00466","Indomethacin"
"00470","Iodine"
"00892","Vitamin B1 + Vitamin B2 + Vitamin B3"
"01959","Clindamycin Phosphate + Tretinoin"
"01773","Dextrose Anhydrous + Potassium Chloride + Sodium Chloride + Trisodium Citrate"
"01775","Anhydrous Sodium Carbonate + Copper (II) Sulphate + Sodium Bicarbonate + Trisodium Citrate"
"02148","Ethosuximide"
"02149","Acitretin"
"02150","Lubiprostone"
"02151","Eptifibatide"
"01876","Nicotinamide"
"01676","Sennosides"
"01842","Choline Bitartrate + Cobalt Sulfate + Cyanocobalamin + Ferrous Sulphate + Thiamine Hydrochloride"
"01367","Hydrocortisone + Miconazole Nitrate"
"01945","Choline + Cobalt + Cyanocobalamin + Ferrous Sulphate + Vitamin B1"
"01948","Zinc Sulphate"
"02174","Sodium Chloride + Sodium Hydrogen Carbonate"
"02123","Vincristine Sulphate"
"02124","Choline Bitartrate + Cobalt Sulfate + Cyanocobalamin + Ferrous Sulphate + Thiamine Mononitrate"
"02187","Amphotericin B"
"02188","Paracetamol + Tramadol Hydrochloride"
"02189","Metformin Hydrochloride + Sitagliptin"
"02099","Liquid Paraffin + Magnesium Hydroxide Dried Gel, 96%"
"02100","Liquid Paraffin + Magnesium Hydroxide Dried Gel, 96% + Magnesium Hydroxide Paste, 34%"
"02101","Cinnarizine + Dimenhydrinate"
"02014","Calcium Gluconate + Magnesium Hypophosphite"
"02015","Ampicillin + Colistin"
"00914","Xp^:"
"00916","Zafirlukast"
"00919","Zinc Oxide"
"00921","Ziprasidone"
"00924","Zopiclone"
"01781","Cellulose + Lipase + Pancreatin + Pepsin"
"00626","Nortriptyline"
"00638","Oseltamivir"
"01919","Ascorbic Acid + Nicotinamide + Pyridoxine Hydrochloride + Riboflavin + Vitamin A + Vitamin B1 + Vitamin D"
"01925","Biotin + Cobalt + Copper + Cyanocobalamin + DL-Methionine + Elemental Iron + Folic Acid + Iodine + L-Lysine HCl + Manganese + Nicotinamide + Pantothenic acid + Pyridoxine Hydrochloride + Riboflavin + Selenium + Vitamin A + Vitamin B1 + Vitamin D + Vitamin E + Vitamin K + Zinc"
"01928","Amoxicillin + Clarithromycin + Lansoprazole"
"01027","Rivastigmine"
"01046","Flurbiprofen"
"01712","Ceftriaxone"
"00977","Nitrofurantoin"
"02033","Reteplase"
"02125","Copper Sulphate"
"02126","Memantine Hydrochloride"
"02127","Peginterferon Alfa-2a"
"02128","Carboxymethylcellulose Sodium + Glycerine"
"02129","Desonide"
"01165","Capsaicin"
"01168","Salsalate"
"01329","Isopropamide + Trifluoperazine"
"02016","Ibandronic Acid"
"01906","Potassium Chloride + Rice Powder (Pregelatineized) + Sodium Chloride + Sodium Citrate"
"01986","Ascorbic Acid + Elemental Iron + Folic Acid + Nicotinamide + Pyridoxine Hydrochloride + Riboflavin + Thiamine Hydrochloride + Zinc"
"01908","Chloride + Dextrose + Fructose + Mango Flavour + Potassium Chloride + Sodium Bicarbonate + Sucrose"
"01931","Amonium Bicarbonate + Gelatin + Ginger + Nux vomica + Sodium Bicarbonate"
"02142","Sevelamer Hydrochloride"
"02143","Betamethasone + Salicylic Acid"
"02145","Erythropoietin"
"00647","Oxyclozanide + Tetracycline Hydrochloride"
"00655","Oxytetracycline + Polymixin B Sulphate"
"00929","Letrozole"
"00281","Dextrose"
"00285","Dextrose + Sodium Chloride"
"00927","Levosalbutamol"
"00926","Dydrogesterone"
"00870","Tulobuterol Hydrochloride"
"02035","Zidovudine"
"02036","Calcium Chloride + Magnessium Chloride + Potassium Chloride + Sodium Chloride"
"02037","Sodium Bicarbonate + Sodium Chloride"
"02038","Fluride"
"02082","Poly (0-2 Hydroxyethyl Starch (Hydroxyethyl 130/0.4) + Sodium Chloride"
"01914","Nicotinamide + Pantothenic acid + Riboflavin + Vitamin A + Vitamin B1 + Vitamin C + Vitamin D"
"01915","Pantothenic acid + Pyridoxine Hydrochloride + Riboflavin + Vitamin A + Vitamin B1 + Vitamin C + Vitamin D"
"01941","Tadalafil"
"01330","Propranolol Hydrochloride"
"01631","Sodium Acid Citrate"
"01877","Potassium Chloride + Rice Powder (Pregelatineized) + Sodium Chloride + Trisodium Citrate"
"01878","Meclizine Hydrochloride + Pyridoxine Hydrochloride"
"02176","Paricalcitol"
"02177","Ganciclovir"
"02178","Podophyllotoxin"
"02179","Doxylamine Succinate"
"02146","Cyclopentolate Hydrochloride"
"02147","Isotretinoin"
"02058","Miglitol"
"02059","Erlotinib"
"02103","Magnesium Hydroxide Dried Gel, 96% + Magnesium Hydroxide Paste, 34%"
"02104","Amprolium + Mendione Sodium Bisulphite (Vitamin-K) + Sulfaquinoxaline Sodium"
"02105","Budesonide + Formoterol Fumarate"
"02106","Oxygenium"
"00641","Oxcarbazepine"
"00875","Valdecoxib"
"00878","Vasline"
"00224","Clomiphene Citrate"
"00226","Clonazepam"
"00227","Clonidine Hydrochloride"
"00228","Clopidogrel"
"00229","Clotrimazole"
"02140","Cloprostenol"
"01944","Dextrose + Lidocaine Hydrochloride"
"01777","Boric Acid + Calcium Gluconate + Dextrose Anhydrous + Magnesium Hypophosphite"
"01047","Diphenhydramine Hydrochloride + Zinc Acetate"
"01806","Ascorbic Acid + Folic Acid + Iron + Vitamin A + Zinc"
"01807","Pyrimethamine + Sodium Salicylate + Sulphaquinoxaline + Vitamin A + Vitamin K"
"01808","Ascorbic Acid + Calcium Carbonate + Calcium Gluconate + Calcium Lactate"
"01809","Dextrose Anhydrous + Fructose + Potassium Chloride + Sodium Bicarbonate + Sodium Chloride + Sucrose"
"02180","Natril Carbonate"
"02492","Amlodipine + Hydrochlorothiazide + Valsartan"
"00746","Rifampicin"
"00777","Sodium Citrate"
"00778","Sodium Cromoglycate"
"01648","Epoetin Alfa"
"00754","Rosuvastatin"
"00755","Roxatidine"
"00756","Roxithromycin"
"01649","Flupenthixol"
"01650","Fluphenazine Hydrochloride"
"00830","Terbinafine"
"01967","Flutamide"
"01978","Lodoxamide"
"01979","Dihydrostreptomycin + Tylosin"
"01143","Furazolidone + Loperamide + Metronidazole"
"01990","Boric Acid + Zinc Sulphate"
"01991","Brimonidine Tartrate + Timolol Maleate"
"00646","Oxyclozanide"
"01448","Ambroxol"
"00213","Ciprofloxacin + Dexamethasone"
"00190","Chloroquine"
"00191","Chloroxylenol"
"00192","Chloroxylenol + Triclosan"
"00220","Clobazam"
"00221","Clobetasol Propionate"
"00279","Dextromethorphan + Pseudoephedrine Hydrochloride + Triprolidine Hydrochloride"
"00071","Barium Sulphate"
"00072","Beclomethasone Dipropionate"
"01663","Monosulfiram"
"00740","Ramipril"
"00816","Sulphamethoxazole + Trimethoprim"
"00039","Ammonium Bicarbonate + Gentian + Ginger + Nux vomica + Sodium Bicarbonate"
"00741","Ranitidine"
"00742","Repaglinide"
"00759","Sacaharin Sodium"
"00868","Trimipramine"
"00869","Tropicamide"
"00871","Tylosin"
"00872","Urea"
"00873","Ursodeoxycholic Acid"
"00876","Valsartan"
"00882","Vinpocetine"
"01988","Fluphenazine Decanoate"
"00649","Oxygen"
"00578","Minoxidil"
"00579","Mirtazapine"
"00580","Misoprostol"
"00549","Mebendazole"
"00832","Terfenadine"
"00833","Testosterone"
"00254","Cresol"
"00148","Carbimazole"
"00149","Carbocisteine"
"00688","Pholcodine"
"00690","Pilocarpine Hydrochloride"
"00691","Pioglitazone"
"00139","Calcium Pantothenate"
"00143","Candesartan Cilexetil"
"01661","Mianserin"
"01662","Miconazole"
"00723","Proguanil Hydrochloride"
"00725","Promethazine Theoclate"
"00727","Propantheline Bromide"
"00729","Pseudoephedrine Hydrochloride"
"00706","Potassium Permanganate"
"00822","Tamoxifen"
"00848","Tinidazole"
"00850","Tiotropium"
"00851","Tizanidine"
"00853","Toldimfos Sodium"
"01557","Antimony Potassium Tartrate + Ferrous Sulphate"
"01960","Ramelteon"
"01961","Doxepin"
"00811","Sulphadiazine"
"00835","Tetanus Toxoid"
"00836","Tetracycline Hydrochloride"
"00837","Tetramisole"
"00496","Ketoconazole"
"00497","Ketoprofen"
"00499","Ketorolac Tromethamine"
"00500","Ketotifen"
"00501","Lacidipine"
"00144","Candesartan Cilexetil + Hydrochlorothiazide"
"00145","Captopril"
"00146","Carbamazepine"
"00674","Pentazocine Hydrochloride"
"00678","Permethrin"
"01992","Cod Liver Oil + Vitamin D3 + Vitamin E"
"02002","Fluorometholone + Neomycin Sulphate"
"00185","Chloramphenicol + Lidocaine Hydrochloride"
"01983","Boron + Calcium + Copper + Magnesium + Manganese + Viamin D + Zinc"
"01644","Docosanol"
"01984","Gemefloxacin"
"01985","Teicoplanin"
"00779","Sodium Cromoglycate + Xylometazoline Hydrochloride"
"00780","Sodium Diacetate"
"00707","Povidone Iodine"
"00709","Prazosin"
"00812","Sulphadiazine + Sulphadimidine + Sulphapyridine"
"01965","Cisplatin"
"00814","Sulphadiazine + Trimethoprim"
"00492","Itraconazole"
"00493","Ivermectin"
"00494","Kaolin + Pectin"
"00503","Lactulose"
"00504","Lamivudine"
"00502","Lactitol"
"00911","Voriconazole"
"00912","Warfarin Sodium"
"00370","Fluocinolone + Neomycin Sulphate"
"00915","Xylometazoline Hydrochloride"
"00917","Zaleplone"
"00918","Zinc"
"00920","Zinc Sulphate Monohydrate"
"00187","Chlorhexidine Gluconate"
"00657","Oxytocin"
"00658","Pancreatin"
"00659","Pancuronium Bromide"
"00660","Pantoprazole"
"00682","Phenobarbitone"
"00683","Phenoxymethyl Penicillin"
"00687","Phenytoin"
"00711","Prednisolone"
"00713","Prescription Chemicals"
"00714","Primaquine"
"00717","Procaine Benzylpenicillin + Streptomycin"
"00732","Pyridoxine Hydrochloride"
"00049","Antazoline Hydrochloride + Tetryzoline Hydrochloride"
"00050","Anti-Rabies Vaccine"
"00053","Aripiprazole"
"00293","Diclofenac Diethylamine"
"00295","Diclofenac Potassium"
"00693","Piracetam"
"01659","Levothyroxine Sodium"
"01660","Levocetirizine Hydrochloride"
"01627","Belladona"
"01765","Dexamethasone + Neomycin + Polymixin"
"02191","Acemetacin"
"02172","Calcium + Vitamin D3"
"02173","Cetalkonium Chloride + Choline Salicylate"
"01615","Terbinafine Hydrochloride"
"02116","Tetracaine"
"02117","Adapalene + Benzoyl Peroxide"
"02118","Lanthanum"
"02119","Palonosetron"
"02120","Ethinylestradiol + Ferrous Fumarate + Norgestrel"
"02098","Hydrochlorothiazide + Olmesartan Medoxomil"
"01623","Ketamine"
"02135","Capecitabine"
"02136","Polymixin B Sulphate + Trimethoprim"
"02137","Febuxostat"
"02138","Protamin Sulphate"
"02139","Amino Acids (Essential) + Glucose & Electrolytes"
"01892","Chloramphenicol + Oxytetracycline + Prednisolone"
"00315","Dobutamine"
"02195","Salmon Oil"
"02218","Methionine + Paracetamol"
"02222","Roflumilast"
"02223","Agomelatine"
"02224","Temozolomide Hydrochloride"
"02235","Prednisolone Anhydrous"
"02121","Loteprednol Etabonate + Tobramycin"
"02213","Besifloxacin"
"02215","Cefditoren"
"02225","Ifosfamide"
"02243","Disodium Hydrogen Phosphate Dodecahydrate + Sodium Dihydrogen Phosphate Dihydrate"
"02244","Carbidopa + Entacapone + Levodopa"
"01921","Cyanocobalamin + Nicotinamide + Pantothenic acid + Pyridoxine Hydrochloride + Riboflavin + Vitamin A + Vitamin B1 + Vitamin D + Vitamin E"
"02248","Mifepristone"
"02245","Sildenafil"
"02239","Bosentan"
"02229","Meloxicam + Paracetamol"
"02230","Tapentadol"
"02233","Folic Acid + Iodine + Iron + Niacin + Pyridoxine + Riboflavin + Selenium + Vitamin A + Vitamin B1 + Vitamin B12 + Vitamin C + Vitamin D + Vitamin E"
"01763","Cyanocobalamin + Pyridoxine Hydrochloride + Vitamin B1"
"01764","Dexamethasone + Neomycin + Polymixin B Sulphate"
"02181","Bromhexine Hydrochloride + Phenylbutazone"
"02091","Etoposide"
"02092","Ertapenem"
"01746","Potassium Bicarbonate + Potassium Chloride"
"01747","Neomycin Sulphate + Procaine Penicillin"
"01748","Sulphacetamide Sodium"
"01888","Lamivudine + Nevirapine + Zidovudine"
"01173","Sucralose"
"00230","Clotrimazole + Hydrocortisone"
"00262","Danazol"
"00264","Desloratadine"
"00265","Desogestrel + Ethinylestradiol"
"00266","Dexamethasone"
"00268","Dexamethasone + Prednisolone"
"00269","Dexamethasone + Tobramycin"
"00240","Cod Liver Oil"
"01810","Calcium Chloride + Dextrose Anhydrous + Magnessium Chloride + Potassium Chloride + Sodium Acetate + Sodium Chloride"
"01564","Camphor + Menthol + Oil Clove + Oil Eucalyptus + Oil Turpentine"
"01698","Trihexyphenidyl Hydrochloride"
"02039","Cefaprine"
"02040","Hydroxyurea"
"01363","Amoxicillin + Colistin"
"01699","Valacyclovir"
"00954","Glimepiride + Rosiglitazone"
"01889","Beta Carotene + Copper + Manganese + Selenium + Vitamin C + Vitamin E + Vitamin K + Zinc"
"01890","Levamisole + Metoclopramide + Niclosamide"
"02132","Ranolazine"
"01727","Fluticasone Propionate + Salmeterol"
"01728","Fusidic Acid + Hydrocortisone Acetate"
"01893","Streptomycin + Sulfadimidine + Sulphadiazine"
"01894","Sulfadiazine + Sulphadimidine + Sulphapyridine"
"01036","Flavoxate Hydrochloride"
"00242","Codeine Phosphate"
"00245","Colistin Sulphate"
"00246","Compound Benzoin Tincture"
"02216","Moxonidine"
"00248","Conjugated Oestrogens"
"00858","Torasemide"
"00313","Dithranol + Salicylic Acid"
"00314","Dithranol + Zinc Oxide"
"01757","Cetrimide + Resorcinol + Sulfur"
"01759","Vitamin A + Vitamin D3 + Vitamin E"
"02164","Amlodipine + Telmisartan"
"02165","Fluocinolone + Hydroquinone + Tretinoin"
"02166","Vildagliptin"
"02167","Trifluridine"
"02168","Prasugrel"
"02169","Vinorelbine"
"02008","Choline Bitartrate + Cobalt Sulfate + Cyanocobalamin + Ferrous Sulphate + Thiamine Mononitrate (B1)"
"02068","Buspirone"
"02049","Bicalutamide"
"02093","Inferferon Alfa-2a"
"02094","Deferiprone"
"02095","Insulin Lispro"
"02096","Tenofovir Disoproxil Fumarate"
"02097","Amlodipine + Olmesartan Medoxomil"
"02253","Everolimus"
"02254","Cyanocobalamin + Iron Dextran"
"02255","Doxycycline Hydrochloride + Tylosin Tartrate"
"02256","Primrose Oil"
"02257","Coenzyme Q10 (Ubidecarenone)"
"02258","Menthol"
"02259","Eucalypytol + Menthol + Thymol"
"02260","Sodium Fluoride"
"02261","Methyl Prednisolone"
"02262","Calcitriol + Calcium"
"02263","Biotin + Calcium + Chromium + Copper + Folic Acid + Iron + Magnesium + Manganese + Niacin + Pantothenic acid + Riboflavin + Selenium + Thiamine + Vitamin A + Vitamin B12 + Vitamin B6 + Vitamin C + Vitamin D + Vitamin E + Vitamin K + Zinc"
"02267","Cefpodoxime + Clavulanic Acid"
"02268","Camphor + Menthol + Methyl Salicylate"
"02269","Sorafenib"
"02270","Clorsulon + Ivermectin"
"02271","Propafenone Hydrochloride"
"02272","Diacerein + Glucosamine Sulphate"
"02273","Calcium Orotate"
"02274","Ferrous Ascorbate"
"02275","Citicoline"
"02276","Calcium + Cholecalciferol (Vit. D3)"
"02284","Neomycin Sulphate + Polymixin B Sulphate + Prednisolone"
"02287","Ceftiofur"
"02288","Calcium Chloride + D-Pantothenol + DL-Methionine + Dextrose + L-Arginine Hcl + L-Cysteine Hcl + L-Histidine Hcl + L-Isolencine + L-Leucine + L-Lysine HCl + L-Phenylalamine + L-Threonine + L-Tryptophane + L-Valine + Magnesium Sulphate + Monosodium Glutamate + Nicotinamide + Potassium Chloride + Pyridoxine + Riboflavin + Sodium Acetate + Thiamine Hydrochloride"
"02292","Epirubicin Hydrochloride"
"02294","Cefuroxime + Clavulanic Acid"
"02298","Cabergoline"
"02299","Menthol + Pramoxine Hydrochloride"
"02300","Dexlansoprazole"
"02301","Saxagliptin"
"02302","Trastuzumab"
"02306","Pegfilgrastim"
"02308","Lacosamide"
"02309","Benzathine Penicillin G + Dihydrostreptomycin + Procain Penicillin G"
"02310","Diclofenac Sodium + Lidocaine Hydrochloride"
"02311","Eslicarbazepine Acetate"
"02312","Cefquinome"
"02318","Bromfenac"
"02319","Anhydrous Benzoyl Peroxide + Clindamycin"
"02320","Sevelamer (As Carbonate)"
"02321","Carboxymethylcellulose Sodium + Hypromellose"
"02322","Liquid Paraffin + Magnesium Hydroxide"
"02323","Light Liquid Paraffin + Magnesium Hydroxide"
"02324","Abiraterone Acetate"
"02325","Condroitin Sulphate Sodium + Glucosamine Sulphate"
"02326","Tilmicosin"
"02327","Ivermectin + Triclabendazole"
"02329","Praziquantel + Pyrantel"
"02332","Trypan Blue"
"02333","Methoxsalen"
"02335","Racecadrotil"
"02336","Selegiline Hydrochloride"
"02337","Dapoxetine"
"02338","Brinzolamide + Timolol"
"02339","Lymecycline"
"02340","Chlorhexidine"
"02341","Dutasteride + Tamsulosin Hydrochloride"
"02342","Carbetocin"
"02345","Alcaftadine"
"02347","Typhoid Polysaccharide Vaccine"
"02348","Hepatitis B Vaccine"
"02349","Adsorbed Tetanus Vaccine"
"02350","Rabies Immunoglobulin"
"02351","Tetanus Antitoxin (Equine)"
"02352","Meningococcal Polysaccharide Vaccine"
"02353","Haemophilus Influenzae Type B Conjugated"
"02354","Rabies Vaccine"
"02361","Doxophylline"
"02373","Emtricitabine + Tenofovir Disoproxil Fumarate"
"02374","Desvenlafaxine"
"02377","Orphenadrine Citrate"
"02378","Orphenadrine Hydrochloride"
"02379","Piperazine Citrate"
"02380","Lincomycin Base"
"02387","Irinotecan Hydrochloride"
"02388","Hyaluronidase"
"02390","Dabigatran Etexilate"
"02394","Mesalamine"
"02395","Ascorbic Acid + Biotin + Cyanocobalamin + Dexpanthanol + Folic Acid + Nicotinamide + Pyridoxine Hydrochloride + Riboflavine Sodium Phosphate + Thiamine Nitrate"
"02397","Hydrocortisone Acetate + Lidocaine Hydrochloride"
"02398","Brimonidine Tartrate + Brinzolamide"
"02402","Caffeine"
"02404","Dapagliflozin"
"02409","Ascorbic Acid + Betaine + Calcium Chloride Dihydrate + Magnesium Chloride Hexahydrate + Potassium Chloride + Sodium Chloride"
"02410","Amitriptyline Hydrochloride + Chlordiazepoxide"
"02411","Amitriptyline + Chlordiazepoxide"
"02413","Vardenafil Hydrochloride"
"02415","Lactase"
"02416","Azilsartan Medoxomil"
"02417","Bivalirudin"
"02420","Lenalidomide"
"02421","Gatifloxacin + Loteprednol Etabonate"
"02423","Daclatasvir"
"02424","Mirabegron"
"02425","Colistin Sulphate + Gentamicin"
"02426","Alfuzosin Hydrochloride"
"02427","Betamethasone + Clotrimazole + Gentamicin"
"02429","Aluminium Hydroxide + Aluminium Hydroxide Gel + Magnesium Hydroxide + Simethicone"
"02430","Calcium Carbonate + Cyanocobalamin + Diabasic Calcium Phosphate + Magnesium + Vitamin D3"
"02431","Medical Carbon Dioxide"
"02432","Medical Compressed Gas"
"02435","Apremilast"
"02436","Tetrabenazine"
"02446","Pertuzumab"
"02455","Darbepoetin"
"02463","Linagliptin + Metformin Hydrochloride"
"02464","Tafluprost"
"02465","Bromhexine Hydrochloride + Doxycycline + Tylosin Tartrate"
"02469","Eltrombopag"
"02480","Paliperidone"
"02481","Armodafinil"
"02485","Acetylsalicylic Acid + Vitamin C"
"02486","Anhydrous Glucose + Vitamin C"
"02487","Pyridoxine Hydrochloride + Riboflavine-5-Phosphate + Thiamine Hydrochloride"
"02495","Zonisamide"
"02496","Flunixin"
